<?xml version="1.0" encoding="UTF-8"?>
<annotation>
  <folder>folder</folder>
  <filename>161212_048_Vietnam_1080p96fps_0135.jpg</filename>
  <source>
    <database>my database</database>
    <annotation>my annotation</annotation>
    <image>some content</image>
    <flickrid>someId</flickrid>
  </source>
  <owner>
    <flickrid>moshe</flickrid>
    <name>moshe</name>
  </owner>
  <size>
    <width>608</width>
    <height>608</height>
    <depth>3</depth>
  </size>
  <segmented>0</segmented>
  <object>
    <name>ball</name>
    <pose>Left</pose>
    <truncated>0</truncated>
    <difficult>0</difficult>
    <bndbox>
      <xmin>416</xmin>
      <ymin>406</ymin>
      <xmax>438</xmax>
      <ymax>440</ymax>
    </bndbox>
  </object>
</annotation>
